,Crude marriage rates,,,,,,,,,,,,,,,,,,,,,,,,,,,,,,,,,,,,,,,,,,,,,,,,,,,,,,,,,,,,,,,,,,,,,,,,,,,,,,,,,,,,,,,,,,,,,,,,,,,,,,,,,,,,
,"Marriages per 1000 people, 1960-2020",,,,,,,,,,,,,,,,,,,,,,,,,,,,,,,,,,,,,,,,,,,,,,,,,,,,,,,,,,,,,,,,,,,Marriages,,,,,,,,,,,,,,,,,,,,,,,,,,,,,,,,,,,,,,,,,
,,,,,,,,,,,,,,,,,,,,,,,,,,,,,,,,,Year,,,,,,,,,,,,,,,,,,,,,,,,,,,,,,,,,,,,,,,,,,,,,,,,,,,,,,,,,,,,,,,,,,,,,,,,,,,,
,Country,Note,1960,1961,1962,1963,1964,1965,1966,1967,1968,1969,1970,1971,1972,1973,1974,1975,1976,1977,1978,1979,1980,1981,1982,1983,1984,1985,1986,1987,1988,1989,1990,1991,1992,1993,1994,1995,1996,1997,1998,1999,2000,2001,2002,2003,2004,2005,2006,2007,2008,2009,2010,2011,2012,2013,2014,2015,2016,2017,2018,2019,2020,2021,,,,2010,2011,2012,2013,2014,2015,2016,2017,2018,2019,2020,2021,,,,,,,,,,,,,,,,,,,,,,,,,,,,,,
AUS,Australia,,..,..,..,..,..,..,..,..,..,..,9.3,..,..,..,..,..,..,..,..,..,7.4,7.6,7.7,7.5,7.0,7.3,7.2,7.0,7.1,7.0,6.9,6.6,6.6,6.4,6.2,6.1,5.8,5.8,5.9,6.0,5.9,5.3,5.4,5.3,5.5,5.4,5.5,5.5,5.5,5.5,5.4,5.4,5.4,5.1,5.2,4.8,4.9,4.6,4.8,4.5,3.1,,,,,"121,176",,,,,"113,595","118,401","112,954","119,188","113,815","78,989",,,,,,,,,,,,,,,,,,,,,,,,,,,,,,,
AUT,Austria,,8.3,8.5,8.4,8.1,8.0,7.8,7.6,7.6,7.6,7.3,7.1,6.4,7.6,6.5,6.5,6.1,6.0,6.0,5.9,6.0,6.2,6.3,6.3,7.4,6.1,5.9,6.1,10.1,4.7,5.6,5.9,5.7,5.8,5.7,5.5,5.4,5.3,5.2,4.9,4.9,4.9,4.3,4.5,4.6,4.7,4.8,4.5,4.3,4.2,4.3,4.5,4.3,4.6,4.3,4.4,5.1,5.1,5.1,5.3,5.2,4.4,,,,,"37,545","36,426","38,592","36,140","37,458","44,502","44,890","44,981","46,468","46,034","39,662","41,111",,,,,,,,,,,,,,,,,,,,,,,,,,,,,,
BEL,Belgium,,7.1,6.8,6.7,6.7,6.9,7.0,7.2,7.1,7.2,7.5,7.6,7.6,7.7,7.6,7.5,7.3,7.2,7.0,6.8,6.6,6.7,6.5,6.3,6.1,6.0,5.8,5.8,5.7,6.0,6.4,6.5,6.1,5.8,5.4,5.1,5.1,5.0,4.7,4.4,4.3,4.4,4.1,3.9,4.0,4.2,4.1,4.2,4.3,4.3,4.0,3.9,3.7,3.8,3.4,3.6,4.0,3.9,3.9,3.9,3.9,2.8,,,,,"42,159","41,001","42,198","37,854","39,878","45,005","44,725","44,329","45,059","44,281","32,802",,,,,,,,,,,,,,,,,,,,,,,,,,,,,,,
CAN,Canada,1,7.3,7.0,7.0,6.9,7.2,7.4,7.8,8.1,8.3,8.7,8.8,8.9,9.2,9.0,8.9,8.7,8.4,8.0,7.9,7.8,7.8,7.7,7.5,7.3,7.2,7.1,6.7,6.9,7.0,7.0,6.8,6.1,5.8,5.6,5.5,5.5,5.3,5.1,5.1,5.1,5.1,4.7,4.7,4.7,4.6,4.6,4.6,4.5,4.4,..,..,..,..,..,..,..,..,..,..,..,..,..,,,,,,,,,,,,,,,,,,,,,,,,,,,,,,,,,,,,,,,,,,,,,
CHL,Chile,,..,..,..,..,..,..,..,..,..,..,8.1,..,..,..,..,..,..,..,..,..,..,..,..,..,..,7.5,..,..,..,..,..,..,6.6,6.7,6.5,6.1,5.8,5.3,5.0,4.6,4.4,4.1,3.9,3.6,3.3,3.3,3.5,3.5,3.3,3.3,3.5,3.8,3.7,3.5,3.6,3.4,3.4,3.3,3.4,3.2,..,,,,,,,,,,"61,644","62,464","61,320","63,187","61,596",..,,,,,,,,,,,,,,,,,,,,,,,,,,,,,,,
COL,Colombia,,..,..,..,..,..,..,..,..,..,..,..,..,..,..,..,..,..,..,..,..,..,..,..,..,..,..,..,..,..,..,..,..,..,..,..,..,..,..,..,..,..,..,..,..,..,..,..,..,..,..,..,..,..,..,..,..,..,..,..,..,..,,,,,,,,,,,,,,,,,,,,,,,,,,,,,,,,,,,,,,,,,,,,,,
CRI,Costa Rica,,7.2,6.7,5.8,5.8,5.5,5.7,5.6,5.5,5.8,5.8,6.3,6.3,7.0,6.8,7.3,7.3,7.2,7.3,7.6,7.6,7.6,7.0,7.6,7.7,7.9,8.0,7.7,7.8,8.0,7.8,7.5,7.2,6.6,6.3,6.5,7.1,6.7,6.7,6.7,6.8,6.3,6.0,5.9,6.0,6.1,6.1,6.2,6.0,5.7,5.4,5.3,5.4,5.6,5.5,5.4,5.5,5.5,5.2,4.7,4.5,3.7,,,,,"23,955","25,013","26,112","25,725","25,909","26,512","26,718","25,501","23,603","22,677","18,875",,,,,,,,,,,,,,,,,,,,,,,,,,,,,,,
CZE,Czech Republic,,7.7,7.7,8.0,8.3,8.3,8.4,8.6,8.9,9.0,9.1,9.2,9.3,9.7,10.0,9.8,9.7,9.4,9.1,8.8,8.2,7.6,7.5,7.5,7.8,7.9,7.8,7.9,8.1,7.9,7.8,8.8,7.0,7.2,6.4,5.7,5.3,5.2,5.6,5.3,5.2,5.4,5.1,5.2,4.8,5.0,5.1,5.2,5.5,5.1,4.6,4.5,4.3,4.3,4.1,4.3,4.6,4.8,5.0,5.1,5.1,4.2,,,,,"46,746","45,137","45,206","43,499","45,575","48,191","50,768","52,567","54,470","54,870","45,415",,,,,,,,,,,,,,,,,,,,,,,,,,,,,,,
DNK,Denmark,,7.8,7.9,8.1,8.2,8.4,8.8,8.6,8.5,8.1,8.0,7.4,6.6,6.2,6.1,6.6,6.3,6.1,6.3,5.6,5.4,5.2,5.0,4.8,5.3,5.6,5.7,6.0,6.1,6.3,6.0,6.1,6.0,6.2,6.1,6.8,6.6,6.8,6.5,6.5,6.7,7.2,6.8,6.9,6.5,7.0,6.7,6.7,6.7,6.8,6.0,5.6,4.9,5.1,4.9,5.0,5.1,5.4,5.5,5.6,5.3,4.9,,,,,"30,949","27,198","28,503","27,503","28,331","28,853","30,767","31,777","32,525","30,635","28,538","27,645",,,,,,,,,,,,,,,,,,,,,,,,,,,,,,
EST,Estonia,,10.0,9.7,8.9,8.7,8.5,8.2,8.6,8.8,8.9,9.1,9.1,9.1,8.5,8.7,8.7,8.7,8.6,8.7,8.6,8.7,8.8,8.6,8.2,8.6,8.3,8.4,8.4,8.7,8.3,8.1,7.5,6.6,5.8,5.2,5.0,4.9,3.9,4.0,3.9,4.0,3.9,4.1,4.2,4.2,4.4,4.5,5.2,5.2,4.6,4.0,3.8,4.1,4.5,4.3,4.7,5.2,4.8,4.9,5.0,5.1,4.6,,,,,"5,066","5,499","5,888","5,630","6,220","6,815","6,360","6,447","6,573","6,701","6,093",,,,,,,,,,,,,,,,,,,,,,,,,,,,,,,
FIN,Finland,,7.4,7.7,7.6,7.4,7.6,7.9,8.4,9.0,8.7,8.8,8.8,8.2,7.6,7.5,7.4,6.7,6.8,6.5,6.3,6.1,6.1,6.3,6.3,6.1,5.8,5.3,5.2,5.3,5.2,4.9,5.0,4.9,4.7,4.9,4.9,4.6,..,4.6,4.7,4.7,5.1,4.8,5.2,5.0,5.6,5.6,5.4,5.6,5.8,5.6,5.6,5.3,5.3,4.6,4.5,4.5,4.5,4.8,4.3,4.0,4.0,,,,,"29,952","28,408","28,878","25,119","24,462","24,708","24,464","26,542","23,799","22,296","22,082",,,,,,,,,,,,,,,,,,,,,,,,,,,,,,,
FRA,France,,..,..,..,..,..,..,..,..,..,..,..,..,..,..,..,..,..,..,..,..,..,..,..,..,..,..,..,..,..,..,..,..,..,..,4.4,4.4,4.8,4.9,4.6,4.9,5.0,4.8,4.6,4.6,4.5,4.5,4.3,4.3,4.1,3.9,3.9,3.6,3.7,3.6,3.6,3.6,3.5,3.5,3.5,3.3,2.2,,,,,"251,713","236,975","241,000","238,720","241,425","236,432","232,865","234,013","234,843","224,740","148,000",,,,,,,,,,,,,,,,,,,,,,,,,,,,,,,
DEU,Germany,,9.5,9.5,9.4,8.8,8.5,8.2,7.9,7.8,7.3,7.3,7.4,7.2,7.0,6.7,6.5,6.7,6.5,6.5,6.0,6.2,6.3,6.2,6.2,6.3,6.4,6.4,6.6,6.7,6.8,6.7,6.5,5.7,5.6,5.5,5.4,5.3,5.2,5.2,5.1,5.2,5.1,4.7,4.6,4.6,4.8,4.7,4.5,4.5,4.6,4.6,4.7,4.6,4.8,4.6,4.8,4.9,5.0,4.9,5.4,5.0,4.5,,,,,"382,047","377,816","387,423","373,655","385,952","400,115","410,426","407,466","449,466","416,324","373,304",,,,,,,,,,,,,,,,,,,,,,,,,,,,,,,
GRC,Greece,,7.0,8.4,8.4,9.2,8.9,9.4,8.3,9.4,7.5,8.3,7.7,8.3,6.8,8.3,7.6,8.5,6.9,8.2,7.7,8.3,6.5,7.3,6.9,7.2,5.5,6.4,5.8,6.6,4.8,6.1,5.8,6.4,4.7,5.9,5.4,6.1,4.3,5.6,5.1,5.6,4.5,5.3,5.3,5.5,4.6,5.5,5.2,5.5,4.8,5.3,5.1,5.0,4.5,4.7,4.9,5.0,4.6,4.7,4.4,4.4,2.9,,,,,"56,338","55,099","49,710","51,256","53,105","53,672","49,632","50,138","47,428","47,137","31,475",,,,,,,,,,,,,,,,,,,,,,,,,,,,,,,
HUN,Hungary,,8.9,8.3,8.1,8.4,8.7,8.8,9.2,9.4,9.3,9.3,9.3,9.1,9.4,9.7,9.5,9.8,9.5,9.1,8.7,8.1,7.5,7.2,7.1,7.1,7.0,6.9,6.8,6.2,6.2,6.4,6.4,5.9,5.5,5.2,5.2,5.2,4.7,4.6,4.4,4.4,4.7,4.3,4.5,4.5,4.3,4.4,4.4,4.1,4.0,3.7,3.6,3.6,3.6,3.7,3.9,4.7,5.3,5.2,5.2,6.7,6.9,,,,,"35,520","35,812","36,161","36,986","38,780","46,137","51,805","50,572","50,828","65,268","67,095",,,,,,,,,,,,,,,,,,,,,,,,,,,,,,,
ISL,Iceland,,7.5,7.5,7.4,7.8,8.3,8.1,7.9,8.6,8.4,8.5,7.8,7.9,8.1,8.3,8.8,7.7,7.5,7.1,7.1,6.4,5.7,5.9,5.6,5.9,5.9,5.2,5.1,4.7,5.2,4.7,4.5,4.8,4.8,4.6,4.9,4.6,5.0,5.5,5.6,5.6,6.3,5.2,5.6,5.1,5.0,5.4,5.5,5.5,5.2,4.6,4.9,4.6,4.6,4.4,4.1,4.6,4.9,5.8,6.0,5.8,5.0,,,,,"1,547","1,458","1,491","1,438","1,338","1,519","1,630","2,006","2,104","2,082","1,850",,,,,,,,,,,,,,,,,,,,,,,,,,,,,,,
IRL,Ireland,,5.5,5.4,5.5,5.5,5.6,5.9,5.8,6.1,6.5,6.9,7.0,7.4,7.3,7.4,7.3,6.7,6.4,6.1,6.4,6.2,6.4,6.0,5.8,5.5,5.2,5.3,5.2,5.2,5.2,5.2,5.1,4.9,4.7,4.7,4.6,4.3,4.4,4.3,4.5,4.9,5.0,5.0,5.2,5.1,5.2,5.1,5.2,5.2,4.9,4.8,4.5,4.3,4.5,4.5,4.7,4.7,4.8,4.6,4.3,4.1,1.9,,,,,"20,594","19,855","20,713","20,680","22,045","22,116","22,626","22,021","21,053","20,313","9,523",,,,,,,,,,,,,,,,,,,,,,,,,,,,,,,
ISR,Israel,3,..,..,..,..,..,..,..,..,..,..,8.9,..,..,..,..,..,..,..,..,..,..,..,..,..,..,6.9,7.0,6.9,7.0,7.1,6.8,6.5,6.4,6.6,6.7,6.5,6.3,6.5,6.7,6.6,6.4,6.3,6.2,6.1,5.9,5.9,6.3,6.5,6.8,6.5,6.3,6.6,6.4,6.5,6.2,6.4,6.2,5.7,5.6,5.3,..,,,,,,,,,,,,,,,,,,,,,,,,,,,,,,,,,,,,,,,,,,,,,,
ITA,Italy,,7.7,7.9,8.0,8.2,8.1,7.7,7.3,7.2,7.0,7.2,7.3,7.5,7.7,7.6,7.3,6.7,6.4,6.2,5.9,5.8,5.7,5.6,5.5,5.4,5.3,5.3,5.3,5.4,5.6,5.7,5.6,5.5,5.5,5.3,5.1,5.1,4.9,4.9,4.9,4.9,5.0,4.6,4.7,4.6,4.3,4.3,4.2,4.3,4.2,3.9,3.7,3.4,3.5,3.2,3.1,3.2,3.4,3.2,3.2,3.1,1.6,,,,,"217,700","204,830","208,947","194,057","189,765","194,377","203,258","191,287","195,778","184,088","96,841",,,,,,,,,,,,,,,,,,,,,,,,,,,,,,,
JPN,Japan,,9.3,..,..,9.7,9.9,9.7,9.5,9.6,9.5,9.6,10.0,10.5,10.4,9.9,9.1,8.5,7.8,7.2,6.9,6.8,6.7,6.6,6.6,6.4,6.2,6.1,5.9,5.7,5.8,5.8,5.9,6.0,6.1,6.4,6.3,6.4,6.4,6.2,6.3,6.1,6.4,6.4,6.0,5.9,5.7,5.7,5.8,5.7,5.8,5.6,5.5,5.2,5.3,5.3,5.1,5.1,5.0,4.9,4.7,4.8,4.3,,,,,"700,222","661,898","668,870","660,622","643,783","635,225","620,707","606,952","586,481","599,007","525,490",,,,,,,,,,,,,,,,,,,,,,,,,,,,,,,
KOR,Korea,,..,..,..,..,..,..,..,..,..,..,9.2,7.3,7.3,7.6,7.5,8.0,8.0,8.3,9.3,9.4,10.6,10.5,9.9,10.3,9.5,9.4,9.5,9.4,9.8,9.7,9.3,9.6,9.6,9.0,8.7,8.7,9.4,8.4,8.0,7.6,7.0,6.7,6.3,6.3,6.4,6.5,6.8,7.0,6.6,6.2,6.5,6.6,6.5,6.4,6.0,5.9,5.5,5.2,5.0,4.7,4.2,,,,,,,,,,"302,828","281,635","264,455","257,622","239,159","213,502",,,,,,,,,,,,,,,,,,,,,,,,,,,,,,,
LVA,Latvia,,11.0,10.5,10.0,9.5,8.6,8.8,9.8,9.9,10.2,10.0,10.2,10.0,9.4,9.8,10.0,10.0,9.6,10.0,10.2,10.0,9.8,9.8,9.7,9.5,9.2,9.3,9.7,9.7,9.5,9.2,8.9,8.4,7.2,5.7,4.6,4.5,3.9,4.0,4.0,3.9,3.9,4.0,4.2,4.4,4.6,5.6,6.6,7.0,5.9,4.6,4.4,5.2,5.5,5.7,6.3,6.9,6.6,6.8,6.8,6.7,5.6,,,,,"9,290","10,760","11,244","11,436","12,515","13,617","13,002","13,150","13,058","12,861","10,702",,,,,,,,,,,,,,,,,,,,,,,,,,,,,,,
LTU,Lithuania,,10.1,9.9,9.3,8.7,8.6,8.4,9.2,9.2,9.5,9.7,9.5,9.2,8.8,8.8,8.8,9.0,9.0,9.2,9.1,9.4,9.2,9.1,9.4,9.6,9.7,9.7,9.9,9.7,9.6,9.4,9.8,9.2,8.1,6.4,6.4,6.1,5.7,5.3,5.2,5.1,4.8,4.5,4.7,5.0,5.7,6.0,6.5,7.1,7.5,6.5,6.0,6.3,6.9,6.9,7.6,7.6,7.4,7.5,7.0,7.0,5.5,,,,,"18,688","19,221","20,660","20,469","22,142","21,987","21,347","21,186","19,734","19,502","15,299",,,,,,,,,,,,,,,,,,,,,,,,,,,,,,,
LUX,Luxembourg,,7.1,7.0,6.7,6.6,6.6,6.6,6.6,6.4,6.5,6.6,6.4,6.5,6.6,5.9,6.2,6.8,6.2,6.2,5.9,5.7,5.9,5.4,5.7,5.4,5.4,5.4,5.1,5.3,5.6,5.8,6.1,6.7,6.4,6.0,5.8,5.1,5.1,4.8,4.8,4.9,4.9,4.5,4.5,4.4,4.4,4.4,4.1,4.1,3.9,3.5,3.5,3.3,3.4,3.2,3.0,3.6,3.2,3.2,3.1,3.5,2.9,,,,,"1,749","1,714","1,782","1,722","1,657","2,052","1,884","1,908","1,898","2,143","1,803","1,945",,,,,,,,,,,,,,,,,,,,,,,,,,,,,,
MEX,Mexico,,..,..,..,..,..,..,..,..,..,..,7.0,..,..,..,..,..,..,..,..,..,7.1,..,..,..,..,7.4,..,..,..,..,7.4,7.4,7.4,7.2,7.2,7.0,7.0,7.3,7.2,7.5,7.0,6.5,6.0,5.6,5.7,5.6,5.4,5.4,5.3,5.0,5.0,4.9,5.0,4.9,4.8,4.6,4.4,4.3,4.0,4.0,2.6,,,,,"568,632","570,954","585,434","583,264","577,713","558,022","543,749","528,678","501,298","504,923","335,563",,,,,,,,,,,,,,,,,,,,,,,,,,,,,,,
NLD,Netherlands,,7.7,7.9,7.9,7.9,8.5,8.8,9.0,9.1,9.2,9.1,9.5,9.3,8.8,8.0,8.1,7.3,7.0,6.7,6.4,6.1,6.4,6.0,5.8,5.4,5.6,5.7,6.0,6.0,6.0,6.2,6.5,6.4,6.2,5.8,5.4,5.3,5.5,5.4,5.5,5.7,5.5,5.0,5.2,4.9,4.4,4.4,4.4,4.3,4.5,4.4,4.5,4.3,4.2,3.8,3.9,3.8,3.8,3.8,3.7,3.7,2.9,,,,,"75,399","71,572","70,315","64,549","65,333","64,308","65,249","64,402","64,315","63,565","50,233",,,,,,,,,,,,,,,,,,,,,,,,,,,,,,,
NZL,New Zealand,2,8.0,8.0,7.9,7.8,8.0,8.2,8.6,8.6,8.7,9.0,9.2,9.5,9.2,8.8,8.4,7.9,7.7,7.2,7.1,7.1,7.3,7.5,8.0,7.7,7.8,7.5,7.3,7.4,7.1,6.8,6.9,6.3,5.9,5.8,5.7,5.6,5.5,5.3,5.3,5.5,5.4,5.1,5.2,5.3,5.1,5.0,5.2,5.2,5.2,5.1,4.9,4.7,4.7,4.4,4.4,4.3,4.2,4.3,4.2,3.8,3.3,3.1,,,,"21,213","20,532","20,826","19,425","20,175","19,950","20,235","20,685","20,949","19,071","16,779","15,657",,,,,,,,,,,,,,,,,,,,,,,,,,,,,,
NOR,Norway,,6.6,6.7,6.6,6.6,6.8,6.5,7.4,7.7,7.7,7.7,7.6,7.6,7.3,7.1,6.9,6.5,6.3,5.9,5.8,5.7,5.4,5.4,5.3,5.0,5.0,4.9,4.9,5.0,5.2,4.9,5.2,4.7,4.5,4.5,4.8,5.0,5.3,5.4,5.3,5.3,5.0,4.4,4.5,4.9,4.1,4.8,4.7,5.0,5.3,5.0,4.8,4.6,4.8,4.7,4.6,4.5,4.5,4.4,4.3,4.0,3.3,,,,,"23,313","22,876","24,077","23,916","23,462","23,227","23,672","23,134","22,578","21,410","17,699",,,,,,,,,,,,,,,,,,,,,,,,,,,,,,,
POL,Poland,,8.2,7.9,7.5,7.2,7.4,6.4,7.1,7.4,8.0,8.3,8.6,8.9,9.3,9.4,9.5,9.7,9.5,9.4,9.4,9.0,8.6,9.0,8.7,8.4,7.7,7.2,6.9,6.7,6.5,6.7,6.7,6.1,5.7,5.4,5.4,5.4,5.3,5.3,5.4,5.7,5.5,5.1,5.0,5.1,5.0,5.4,5.9,6.5,6.8,6.6,6.0,5.4,5.4,4.7,5.0,5.0,5.1,5.1,5.1,4.8,3.8,,,,,"228,337","206,471","203,850","180,396","188,488","188,832","193,455","192,576","192,443","183,371","145,045",,,,,,,,,,,,,,,,,,,,,,,,,,,,,,,
PRT,Portugal,,7.8,8.8,7.9,7.9,8.1,8.4,8.6,8.9,8.7,9.0,9.4,9.7,9.0,9.8,9.3,11.3,10.9,9.7,8.5,8.3,7.4,7.7,7.4,7.5,7.0,6.8,6.9,7.1,7.1,7.3,7.2,7.2,7.0,6.8,6.6,6.6,6.3,6.5,6.6,6.7,6.2,5.6,5.4,5.1,4.7,4.6,4.5,4.4,4.1,3.8,3.8,3.4,3.3,3.1,3.0,3.1,3.1,3.3,3.4,3.2,1.8,,,,,"39,993","36,035","34,423","31,998","31,478","32,393","32,399","33,634","34,637","33,272","18,902",,,,,,,,,,,,,,,,,,,,,,,,,,,,,,,
SVK,Slovak Republic,,7.9,7.5,7.2,7.2,7.0,7.0,7.0,7.6,7.5,7.7,7.9,8.4,8.7,9.0,9.0,9.2,9.2,9.2,9.0,8.6,7.9,7.8,8.0,7.9,7.7,7.5,7.4,7.4,7.1,6.9,7.6,6.2,6.4,5.8,5.3,5.1,5.1,5.2,5.1,5.1,4.8,4.4,4.7,4.8,5.2,4.9,4.8,5.1,5.3,4.9,4.7,4.7,4.8,4.7,4.9,5.3,5.5,5.8,5.7,5.4,4.4,,,,,"25,415","25,621","26,006","25,491","26,737","28,775","29,897","31,309","31,177","29,664","23,753",,,,,,,,,,,,,,,,,,,,,,,,,,,,,,,
SVN,Slovenia,,8.8,9.1,9.1,8.8,9.0,9.2,8.6,8.3,8.2,8.2,8.3,8.2,9.0,8.9,8.7,8.6,8.3,8.2,8.4,7.6,6.5,6.4,6.1,6.2,5.9,5.4,5.4,5.2,4.6,4.9,4.3,4.1,4.6,4.5,4.2,4.1,3.8,3.8,3.8,3.9,3.6,3.5,3.5,3.4,3.3,2.9,3.2,3.2,3.3,3.2,3.2,3.2,3.4,3.0,3.2,3.1,3.2,3.1,3.5,3.2,2.5,,,,,"6,528","6,671","7,057","6,254","6,571","6,449","6,667","6,481","7,256","6,672","5,214",,,,,,,,,,,,,,,,,,,,,,,,,,,,,,,
ESP,Spain,,7.8,7.7,7.6,7.6,7.4,7.1,7.1,7.1,7.0,7.2,7.3,7.4,7.6,7.7,7.6,7.6,7.3,7.2,7.0,6.6,5.9,5.4,5.1,5.1,5.2,5.2,5.4,5.6,5.7,5.7,5.7,5.6,5.6,5.1,5.1,5.1,4.9,5.0,5.2,5.2,5.4,5.1,5.1,5.0,5.0,4.7,4.5,4.4,4.2,3.7,3.6,3.4,3.5,3.3,3.4,3.6,3.7,3.7,3.5,3.5,1.9,,,,,"165,641","158,220","163,173","154,470","160,256","166,651","173,049","171,320","165,527","165,177","90,275",,,,,,,,,,,,,,,,,,,,,,,,,,,,,,,
SWE,Sweden,,6.7,7.0,7.1,7.0,7.6,7.8,7.8,7.2,6.6,6.1,5.4,4.9,4.8,4.7,5.5,5.4,5.4,4.9,4.6,4.5,4.5,4.5,4.5,4.3,4.4,4.6,4.6,4.9,5.2,12.8,4.7,4.3,4.3,3.9,3.9,..,3.8,3.7,3.6,4.0,4.5,4.0,4.3,4.4,4.8,4.9,5.0,..,5.5,5.1,5.3,5.0,5.3,5.4,5.5,5.3,5.4,5.2,5.0,4.7,3.6,,,,,"50,028","46,922","50,044","51,610","53,113","52,314","53,817","52,497","50,796","48,481","37,591","38,895",,,,,,,,,,,,,,,,,,,,,,,,,,,,,,
CHE,Switzerland,,7.8,7.8,8.0,7.7,7.6,7.7,7.5,7.6,7.5,7.6,7.6,7.2,6.9,6.5,6.1,5.6,5.1,5.3,5.1,5.4,5.7,5.6,5.8,5.9,6.0,6.0,6.2,6.6,6.9,6.8,6.9,7.0,6.6,6.2,6.1,5.8,5.7,5.5,5.4,5.7,5.5,5.0,5.5,5.5,5.3,5.4,5.3,5.3,5.4,5.4,5.5,5.3,5.3,4.9,5.1,5.0,5.0,4.8,4.8,4.5,4.1,,,,,"43,257","42,083","42,654","39,794","41,891","41,437","41,646","40,599","40,716","38,974","35,160",,,,,,,,,,,,,,,,,,,,,,,,,,,,,,,
TUR,Turkey,,..,..,..,..,..,..,..,..,..,..,..,..,..,..,..,..,..,..,..,..,8.2,..,..,..,..,..,..,..,..,..,..,..,..,..,..,..,..,..,..,..,..,..,..,7.1,9.2,9.5,9.2,9.1,9.0,8.2,8.0,8.0,8.0,7.9,7.8,7.7,7.5,7.1,6.8,6.6,5.8,,,,,"582,715","592,775","603,751","600,138","599,704","602,982","594,493","569,459","553,202","541,424","487,270",,,,,,,,,,,,,,,,,,,,,,,,,,,,,,,
GBR,United Kingdom,4,7.5,7.5,7.5,7.5,7.6,7.8,8.0,8.0,8.4,8.1,8.5,8.2,8.6,8.1,7.8,7.7,7.2,7.2,7.4,7.4,7.4,7.1,6.9,6.9,7.0,7.0,7.0,7.0,6.9,6.9,6.6,6.1,6.2,5.9,5.7,5.6,5.5,5.3,5.2,5.1,5.2,4.8,4.9,5.2,..,..,..,4.5,4.4,4.3,4.4,4.4,4.7,4.2,4.4,4.2,4.3,4.1,4.0,3.7,..,,,,,"243,808","249,133","263,640","240,854","252,222","245,513","249,793","242,842","234,795","219,850",,,,,,,,,,,,,,,,,,,,,,,,,,,,,,,,
USA,United States,,..,..,..,..,..,..,..,..,..,..,10.6,..,..,..,..,..,..,..,..,..,..,..,..,..,..,10.1,..,..,..,..,..,9.2,9.0,9.1,8.9,8.9,8.8,8.9,8.3,8.6,8.2,8.2,8.0,7.7,7.8,7.6,7.5,7.3,7.1,6.8,6.8,6.8,6.8,6.8,6.9,6.9,7.0,6.9,6.5,6.1,5.1,,,,,"2,096,000","2,118,000","2,131,000","2,081,301","2,140,272","2,221,579","2,251,411","2,236,496","2,132,853","2,015,603","1,676,911",,,,,,,,,,,,,,,,,,,,,,,,,,,,,,,
BRA,Brazil,,..,..,..,..,..,..,..,..,..,..,..,..,..,..,..,..,..,..,..,..,..,..,..,..,..,..,..,..,..,..,..,..,..,..,..,..,..,..,..,..,..,..,..,..,..,..,..,..,..,..,..,..,..,..,..,..,..,..,..,..,..,,,,,,,,,,,,,,,,,,,,,,,,,,,,,,,,,,,,,,,,,,,,,,
CHN,China,,..,..,..,..,..,..,..,..,..,..,..,..,..,..,..,..,..,..,..,..,..,..,..,..,..,..,..,..,..,..,..,..,..,..,..,..,..,..,..,..,..,..,..,..,..,..,..,..,..,..,9.3,9.3,9.6,..,..,..,..,..,..,..,..,,,,,,,,,,,,,,,,,,,,,,,,,,,,,,,,,,,,,,,,,,,,,,
IND,India,,..,..,..,..,..,..,..,..,..,..,..,..,..,..,..,..,..,..,..,..,..,..,..,..,..,..,..,..,..,..,..,..,..,..,..,..,..,..,..,..,..,..,..,..,..,..,..,..,..,..,..,..,..,..,..,..,..,..,..,..,..,,,,,,,,,,,,,,,,,,,,,,,,,,,,,,,,,,,,,,,,,,,,,,
IDN,Indonesia,,..,..,..,..,..,..,..,..,..,..,..,..,..,..,..,..,..,..,..,..,..,..,..,..,..,..,..,..,..,..,..,..,..,..,..,..,..,..,..,..,..,..,..,..,..,..,..,..,..,..,..,..,..,..,..,..,..,..,..,..,..,,,,,,,,,,,,,,,,,,,,,,,,,,,,,,,,,,,,,,,,,,,,,,
RUS,Russian Fed.,,..,..,..,..,..,..,..,..,..,..,..,..,..,..,..,..,..,..,..,..,..,..,..,..,..,..,..,..,..,..,..,..,..,..,..,..,..,..,..,..,..,..,..,..,..,..,..,..,..,..,8.5,9.2,8.5,8.5,..,..,..,..,..,..,..,,,,,,,,,,,,,,,,,,,,,,,,,,,,,,,,,,,,,,,,,,,,,,
ZAF,South Africa,,..,..,..,..,..,..,..,..,..,..,..,..,..,..,..,..,..,..,..,..,..,..,..,..,..,..,..,..,..,..,..,..,..,..,..,..,..,..,..,..,..,..,..,..,..,..,..,..,..,..,..,..,..,..,..,..,..,..,..,..,..,,,,,,,,,,,,,,,,,,,,,,,,,,,,,,,,,,,,,,,,,,,,,,
ARG,Argentina,,..,..,..,..,..,..,..,..,..,..,..,..,..,..,..,..,..,..,..,..,..,..,..,..,..,..,..,..,..,..,..,..,..,..,..,..,..,..,..,..,..,..,..,..,..,..,..,..,..,..,3.0,3.1,3.2,2.9,2.8,2.8,2.7,2.9,2.8,..,..,,,,,,,,,,,,,,,,,,,,,,,,,,,,,,,,,,,,,,,,,,,,,,
SAU,Saudi Arabia,,..,..,..,..,..,..,..,..,..,..,..,..,..,..,..,..,..,..,..,..,..,..,..,..,..,..,..,..,..,..,..,..,..,..,..,..,..,..,..,..,..,..,..,..,..,..,..,..,..,..,..,..,..,..,..,..,..,..,..,..,..,,,,,,,,,,,,,,,,,,,,,,,,,,,,,,,,,,,,,,,,,,,,,,
BGR,Bulgaria,,8.8,8.4,8.1,8.2,8.1,8.0,8.2,8.7,8.9,8.7,8.6,8.2,8.2,8.6,8.5,8.6,8.4,8.5,8.1,7.9,7.9,7.5,7.5,7.5,7.3,7.4,7.3,7.2,7.0,7.1,6.9,5.7,5.2,4.7,4.5,4.4,4.3,4.2,4.3,4.1,4.3,4.0,3.7,3.9,4.0,4.4,4.3,3.9,3.7,3.5,3.3,2.9,2.9,3.0,3.4,3.9,3.8,4.0,4.1,4.2,3.2,,,,,"24,286","21,448","21,167","21,943","24,596","27,720","26,803","28,593","28,961","29,198","22,172",,,,,,,,,,,,,,,,,,,,,,,,,,,,,,,
HRV,Croatia,,8.9,8.8,8.6,8.0,8.5,9.0,8.6,8.3,8.1,8.1,8.5,8.5,8.5,8.3,8.0,8.0,7.7,7.8,7.8,7.4,7.2,7.3,7.2,7.1,6.9,6.6,6.5,6.6,6.2,6.1,5.8,4.6,4.8,5.0,5.2,5.3,5.4,5.4,5.3,5.3,4.9,5.1,5.3,5.2,5.3,5.1,5.1,5.4,5.4,5.2,5.0,4.7,4.8,4.5,4.6,4.7,4.9,4.9,4.9,4.9,3.8,,,,,"21,294","20,211","20,323","19,169","19,501","19,834","20,467","20,310","19,921","19,761","15,196",,,,,,,,,,,,,,,,,,,,,,,,,,,,,,,
CYP,Cyprus,,..,..,..,..,4.4,7.6,7.3,8.7,6.1,8.6,8.6,9.6,6.6,8.8,5.4,11.2,7.1,10.1,10.0,12.6,7.7,11.5,10.8,11.7,7.7,10.5,9.4,10.8,7.0,9.9,9.7,10.5,8.0,9.7,9.7,10.2,8.7,10.7,11.4,13.2,13.4,15.1,14.5,7.7,7.3,8.0,7.0,8.3,7.8,7.8,7.3,7.3,6.7,6.4,6.3,7.2,7.5,6.8,7.8,8.9,..,,,,,"6,081","6,210","5,806","5,493","5,378","6,092","6,375","5,882","6,777","7,846",,,,,,,,,,,,,,,,,,,,,,,,,,,,,,,,
MLT,Malta,,6.0,6.0,5.8,6.3,6.4,6.2,6.2,6.5,7.0,7.2,7.9,8.9,9.7,11.0,11.6,9.2,9.6,9.9,9.2,8.6,8.8,9.0,8.6,8.4,8.0,7.6,7.7,7.1,7.3,7.1,7.1,7.1,6.6,6.8,6.7,6.1,6.2,6.4,6.5,6.4,6.7,5.6,5.7,5.9,6.0,5.9,6.3,6.1,6.1,5.7,6.3,6.2,6.7,6.1,6.6,6.7,6.7,6.3,5.8,5.3,2.2,,,,,"2,596","2,562","2,823","2,578","2,871","3,002","3,034","2,934","2,831","2,674","1,157",,,,,,,,,,,,,,,,,,,,,,,,,,,,,,,
ROU,Romania,,10.7,9.7,9.9,9.3,9.0,8.6,8.9,7.9,7.4,7.0,7.2,7.3,7.6,8.2,8.3,8.8,9.1,9.2,9.2,9.0,8.2,8.2,7.7,7.3,7.2,7.1,7.3,7.3,7.5,7.7,8.3,8.0,7.7,7.1,6.8,6.8,6.6,6.5,6.5,6.2,6.1,5.9,5.9,6.2,6.7,6.7,6.9,9.1,7.3,6.6,5.7,5.2,5.4,5.4,5.9,6.3,6.8,7.3,7.4,6.6,4.2,,,,,"115,778","105,599","107,760","107,507","118,075","125,454","133,183","142,613","143,292","128,610","81,343",,,,,,,,,,,,,,,,,,,,,,,,,,,,,,,
,,,,,,,,,,,,,,,,,,,,,,,,,,,,,,,,,,,,,,,,,,,,,,,,,,,,,,,,,,,,,,,,,,,,,,,,,,,,,,,,,,,,,,,,,,,,,,,,,,,,,,,,,,,,,
,.. Not available,,,,,,,,,,,,,,,,,,,,,,,,,,,,,,,,,,,,,,,,,,,,,,,,,,,,,,,,,,,,,,,,,,,,,,,,,,,,,,,,,,,,,,,,,,,,,,,,,,,,,,,,,,,,
,"1. For Canada, data include the legal union of two persons of the same sex in some provinces and territories from 2003 onwards, and in all of Canada from 2005 onwards.",,,,,,,,,,,,,,,,,,,,,,,,,,,,,,,,,,,,,,,,,,,,,,,,,,,,,,,,,,,,,,,,,,,,,,,,,,,,,,,,,,,,,,,,,,,,,,,,,,,,,,,,,,,,
,2. Data for New Zealand include civil unions.,,,,,,,,,,,,,,,,,,,,,,,,,,,,,,,,,,,,,,,,,,,,,,,,,,,,,,,,,,,,,,,,,,,,,,,,,,,,,,,,,,,,,,,,,,,,,,,,,,,,,,,,,,,,
,"3. The statistical data for Israel are supplied by and under the responsibility of the relevant Israeli authorities. The use of such data by the OECD is without prejudice to the status of the Golan Heights, East Jerusalem and Israeli settlements in the West Bank under the terms of international law.",,,,,,,,,,,,,,,,,,,,,,,,,,,,,,,,,,,,,,,,,,,,,,,,,,,,,,,,,,,,,,,,,,,,,,,,,,,,,,,,,,,,,,,,,,,,,,,,,,,,,,,,,,,,
,"4. For the United Kingdom, data from 2014 onwards include marriages between same-sex partners. ",,,,,,,,,,,,,,,,,,,,,,,,,,,,,,,,,,,,,,,,,,,,,,,,,,,,,,,,,,,,,,,,,,,,,,,,,,,,,,,,,,,,,,,,,,,,,,,,,,,,,,,,,,,,
,"Footnote by Turkey.. The information in this document with reference to « Cyprus » relates to the southern part of the Island. There is no single authority representing both Turkish and Greek Cypriot people on the Island. Turkey recognizes the Turkish Republic of Northern Cyprus (TRNC). Until a lasting and equitable solution is found within the context of United Nations, Turkey shall preserve its position concerning the “Cyprus issue”;",,,,,,,,,,,,,,,,,,,,,,,,,,,,,,,,,,,,,,,,,,,,,,,,,,,,,,,,,,,,,,,,,,,,,,,,,,,,,,,,,,,,,,,,,,,,,,,,,,,,,,,,,,,,
,Footnote by all the European Union Member States of the OECD and the European Commission.. The Republic of Cyprus is recognized by all members of the United Nations with the exception of Turkey. The information in this document relates to the area under the effective control of the Government of the Republic of Cyprus.,,,,,,,,,,,,,,,,,,,,,,,,,,,,,,,,,,,,,,,,,,,,,,,,,,,,,,,,,,,,,,,,,,,,,,,,,,,,,,,,,,,,,,,,,,,,,,,,,,,,,,,,,,,,
,,,,,,,,,,,,,,,,,,,,,,,,,,,,,,,,,,,,,,,,,,,,,,,,,,,,,,,,,,,,,,,,,,,,,,,,,,,,,,,,,,,,,,,,,,,,,,,,,,,,,,,,,,,,,
,Sources.,,,,,,,,,,,,,,,,,,,,,,,,,,,,,,,,,,,,,,,,,,,,,,,,,,,,,,,,,,,,,,,,,,,,,,,,,,,,,,,,,,,,,,,,,,,,,,,,,,,,,,,,,,,,
,"for European countries and Turkey, Eurostat Demographic Statistics",,,,,,,,,,,,,,,,,,,,,,,,,,,,,,,,,,,,,,,,,,,,,,,,,,,,,,,,,,,,,,,,,,,,,,,,,,,,,,,,,,,,,,,,,,,,,,,,,,,,,,,,,,,,
,"for Australia, Australian Bureau of Statistics",,,,,,,,,,,,,,,,,,,,,,,,,,,,,,,,,,,,,,,,,,,,,,,,,,,,,,,,,,,,,,,,,,,,,,,,,,,,,,,,,,,,,,,,,,,,,,,,,,,,,,,,,,,,
,"for Canada, Statistics Canada",,,,,,,,,,,,,,,,,,,,,,,,,,,,,,,,,,,,,,,,,,,,,,,,,,,,,,,,,,,,,,,,,,,,,,,,,,,,,,,,,,,,,,,,,,,,,,,,,,,,,,,,,,,,
,"for Costa Rica, INEC",,,,,,,,,,,,,,,,,,,,,,,,,,,,,,,,,,,,,,,,,,,,,,,,,,,,,,,,,,,,,,,,,,,,,,,,,,,,,,,,,,,,,,,,,,,,,,,,,,,,,,,,,,,,
,"for Chile, INE",,,,,,,,,,,,,,,,,,,,,,,,,,,,,,,,,,,,,,,,,,,,,,,,,,,,,,,,,,,,,,,,,,,,,,,,,,,,,,,,,,,,,,,,,,,,,,,,,,,,,,,,,,,,
,"for Israel, CBS",,,,,,,,,,,,,,,,,,,,,,,,,,,,,,,,,,,,,,,,,,,,,,,,,,,,,,,,,,,,,,,,,,,,,,,,,,,,,,,,,,,,,,,,,,,,,,,,,,,,,,,,,,,,
,"for Japan, Statistics Japan, Vital Statistics",,,,,,,,,,,,,,,,,,,,,,,,,,,,,,,,,,,,,,,,,,,,,,,,,,,,,,,,,,,,,,,,,,,,,,,,,,,,,,,,,,,,,,,,,,,,,,,,,,,,,,,,,,,,
,"for Korea, Korean Statistical Information Service",,,,,,,,,,,,,,,,,,,,,,,,,,,,,,,,,,,,,,,,,,,,,,,,,,,,,,,,,,,,,,,,,,,,,,,,,,,,,,,,,,,,,,,,,,,,,,,,,,,,,,,,,,,,
,"for Mexico, INEGI",,,,,,,,,,,,,,,,,,,,,,,,,,,,,,,,,,,,,,,,,,,,,,,,,,,,,,,,,,,,,,,,,,,,,,,,,,,,,,,,,,,,,,,,,,,,,,,,,,,,,,,,,,,,
,"for New Zealand, Statistics New Zealand",,,,,,,,,,,,,,,,,,,,,,,,,,,,,,,,,,,,,,,,,,,,,,,,,,,,,,,,,,,,,,,,,,,,,,,,,,,,,,,,,,,,,,,,,,,,,,,,,,,,,,,,,,,,
,"for the United States, Centers for Disease Prevention and Control",,,,,,,,,,,,,,,,,,,,,,,,,,,,,,,,,,,,,,,,,,,,,,,,,,,,,,,,,,,,,,,,,,,,,,,,,,,,,,,,,,,,,,,,,,,,,,,,,,,,,,,,,,,,
,"for all countries, United Nations World Marriage Data 2008",,,,,,,,,,,,,,,,,,,,,,,,,,,,,,,,,,,,,,,,,,,,,,,,,,,,,,,,,,,,,,,,,,,,,,,,,,,,,,,,,,,,,,,,,,,,,,,,,,,,,,,,,,,,
,"for all countries, United Nations Demographic Yearbook",,,,,,,,,,,,,,,,,,,,,,,,,,,,,,,,,,,,,,,,,,,,,,,,,,,,,,,,,,,,,,,,,,,,,,,,,,,,,,,,,,,,,,,,,,,,,,,,,,,,,,,,,,,,
,,,,,,,,,,,,,,,,,,,,,,,,,,,,,,,,,,,,,,,,,,,,,,,,,,,,,,,,,,,,,,,,,,,,,,,,,,,,,,,,,,,,,,,,,,,,,,,,,,,,,,,,,,,,,
,,,,,,,,,,,,,,,,,,,,,,,,,,,,,,,,,,,,,,,,,,,,,,,,,,,,,,,,,,,,,,,,,,,,,,,,,,,,,,,,,,,,,,,,,,,,,,,,,,,,,,,,,,,,,